NAMA BAHAN,ENERGI (Kal),PROTEIN (g),LEMAK (g),KH (g),SERAT (g)
"Beras giling, mentah",357,8.4,1.7,77.1,0.2
"Beras giling var pelita, mentah",369,9.5,1.4,77.1,0.4
"Beras giling var rojolele, mentah",357,8.4,1.7,77.1,0.2
"Beras hitam, mentah",351,8.0,1.3,76.9,20.1
"Beras jagung kuning, kering, mentah",358,5.5,0.1,82.7,10.0
"Beras jagung putih, kering, mentah",307,4.8,0.1,71.8,10.0
"Beras ketan hitam tumbuk, mentah",360,8.0,2.3,74.5,1.0
"Beras ketan putih tumbuk, mentah",361,7.4,0.8,78.4,0.4
"Beras ladang, mentah",376,7.5,3.8,78.0,5.9
"Beras menir, mentah",362,7.7,4.4,73.0,0.2
Beras parboiled,353,6.8,0.6,80.0,0.5
"Beras tumbuk, mentah",354,7.8,0.4,79.9,3.8
"Beras tumbuk merah, mentah",352,7.3,0.9,76.2,0.8
"Cantel, mentah",366,11.0,3.3,73.0,1.2
"Jagung muda, kuning, mentah",147,5.1,0.7,31.5,1.3
"Jagung kuning pipil, kering, mentah",366,9.8,7.3,69.1,2.2
"Jagung pipil var, harapan, kering",367,6.2,5.1,76.2,2.6
"Jagung pipil var, metro, kering",368,5.5,4.6,78.0,2.9
"Jali, mentah",324,11.0,4.0,61.0,3.1
"Jawawut, mentah",364,9.7,3.5,73.4,8.2
"Jampang huma, mentah",350,6.2,1.4,78.2,1.7
Nasi,180,3.0,0.3,39.8,0.2
Nasi tim,120,2.4,0.4,26.0,0.5
"Beras, tapai",99,1.7,0.3,22.4,0.0
"Beras, tepung, mentah",353,7.0,0.5,80.0,2.4
"Beras merah, Nasi",149,2.8,0.4,32.5,0.3
"Bihun, mentah",348,4.7,0.1,82.1,1.2
"Bihun Jagung, mentah",354,0.5,0.3,87.4,3.0
"Jagung nasi, mentah",357,8.8,0.5,79.5,6.2
"Jagung muda, rebus",142,5.0,0.7,30.3,0.8
"Jagung kuning, tepung",355,9.2,3.9,73.7,7.2
"Jagung kuning pipil, rebus",154,3.8,3.5,28.4,0.7
"Jagung, tepung putih",355,9.2,3.9,73.7,7.2
"Ketan, ketupat",212,4.0,4.6,38.6,0.2
"Ketan hitam, matang",181,4.0,1.2,37.3,0.3
"Ketan hitam, tapai",166,3.8,1.0,34.4,0.3
"Ketan putih, matang",163,3.0,0.4,35.7,0.2
"Ketan putih, tapai",172,3.0,0.5,37.5,0.6
"Maizena, tepung",341,0.3,0.0,85.0,7.0
"Makaroni, mentah",353,8.7,0.4,78.7,4.9
Mi basah,88,0.6,3.3,14.0,0.1
Mi kering,339,10.0,1.7,6.3,0.4
Misoa,345,8.5,2.2,78.0,0.5
Roti putih,248,8.0,1.2,50.0,9.1
Tepung terigu,333,9.0,1.0,77.2,0.3
Biskuit,458,6.9,14.4,75.1,2.1
"Bakpia, kue",272,8.7,6.7,44.1,0.9
Bakwan,280,8.2,10.2,39.0,3.4
Bantal,190,3.3,0.3,43.5,3.4
Bika ambon,199,2.1,1.5,44.4,0.3
Brem,249,3.4,0.4,58.0,0.0
Bubur tinotuan (Manado),156,2.3,0.2,15.6,8.2
Cake tape,323,4.9,11.5,50.1,1.4
Dodol bali,298,3.7,2.1,65.9,0.4
Dodol galamai,348,0.4,3.8,76.1,0.5
Dodol kedondong,331,1.9,7.6,63.8,1.0
Dodol manado,373,4.3,16.5,51.9,0.4
Emping beras,403,10.6,2.2,85.3,0.2
Gemblong,274,1.7,5.4,55.5,2.2
Gendar goreng,407,6.4,28.2,32.0,0.1
Intip goreng,474,7.6,21.6,62.3,1.2
Jagung gerontol,156,2.7,1.3,33.3,1.0
Jagung titi,374,9.4,2.2,79.1,0.8
Japilus,500,1.2,25.1,67.3,0.4
Kambose,164,3.0,2.4,32.6,4.3
Kapusa,158,4.4,3.2,27.8,5.3
"Kelepon, kue",215,3.7,3.7,41.8,1.0
Ketoprak,153,7.9,7.7,13.0,2.9
Koya,366,4.2,4.3,77.5,0.8
Koya mirasa,370,8.0,1.0,82.2,0.4
Kue ali,440,3.8,18.5,64.5,0.3
Kue jahe,425,1.6,8.8,84.6,1.2
Kue putu cangkir,304,5.3,7.0,54.9,0.9
Lapis legit,389,6.6,15.7,55.5,0.5
Lupis ketan,164,1.8,2.1,34.5,0.7
Masekat,369,2.1,7.0,74.1,4.0
Mie bakso,114,5.3,3.0,16.4,0.1
Nasi gemuk,192,3.8,8.8,24.4,0.7
Nasi gurih,190,4.7,7.5,26.0,0.7
Nasi minyak,207,3.5,5.0,37.1,0.8
Nopia spesial,387,5.3,7.6,74.3,0.3
Pundut nasi,104,1.9,4.1,15.1,0.4
Renggi goreng,471,4.7,21.8,64.1,6.4
Suwir-suwir,347,0.5,0.9,84.2,0.8
Tipa-tipa,355,6.2,1.2,79.8,1.3
Wajit camilan,303,6.3,2.7,63.3,6.9
Widaran,424,1.3,10.7,80.7,0.2
Wingko babat,355,3.2,15.1,51.4,2.4
Yangko,254,3.0,1.1,58.1,0.8
"Arrowroot, segar",102,1.0,0.2,24.1,1.7
"Batatas gembili, segar",76,1.1,0.9,16.0,4.2
"Batatas kelapa, ubi, segar",89,1.1,0.1,21.0,4.0
"Belitung, talas, segar",145,1.2,0.4,34.2,1.5
"Bengkuang, segar",59,1.4,0.2,12.8,1.0
"Bentul (Komba), talas, segar",98,1.6,0.7,20.9,0.7
"Gadung, ubi, segar",100,0.9,0.3,23.5,2.1
"Ganyong, segar",77,0.6,0.2,18.4,0.8
"Gembili, ubi, segar",131,1.1,0.2,31.3,1.1
"Hofa/Ubi hutan, segar",127,1.2,0.5,29.5,3.4
"Kaburan, ubi, segar",133,1.0,0.2,32.2,0.7
"Kentang, segar",62,2.1,0.2,13.5,0.5
"Kentang hitam, segar",142,0.9,0.4,33.7,5.4
"Keribang, ubi, segar",137,1.3,1.1,29.8,0.6
"Ketela pohon/ singkong, segar",154,1.0,0.3,36.8,0.9
Lepok/Ubi rumput,181,2.8,1.2,39.8,10.7
"Sagu aren, kering",355,0.6,1.1,85.6,0.3
"Sagu aren, segar",231,0.6,0.2,56.6,3.2
Sagu kasbi segar,230,0.6,0.2,56.5,3.0
Sagu lempeng,347,0.9,0.3,85.2,4.7
"Sente, talas, segar",353,0.7,0.2,84.7,6.6
"Suweg, talas, segar",74,1.4,0.1,17.2,1.4
"Talas bogor, segar",108,1.4,0.4,25.0,0.9
"Talas pontianak, segar",163,2.3,0.5,36.4,0.7
"Talas viqueque, segar",115,1.8,0.5,25.9,8.6
"Ubi jalar, kuning, segar",119,0.5,0.4,25.1,4.2
"Ubi jalar manis, segar",83,1.5,0.2,18.8,0.6
"Ubi jalar merah, segar",151,1.6,0.3,35.4,0.7
"Ubi jalar putih, segar",88,0.4,0.4,20.6,4.0
Ubi jalar tinta/ kemayung,108,0.5,0.4,25.6,4.2
"Umbi Uwi, segar",120,2.8,0.5,82.3,2.6
"Batatas kelapa, ubi, bakar",110,1.4,1.1,23.4,4.5
"Batatas kelapa, ubi, kukus",92,1.2,0.3,21.0,4.1
"Batatas tali, ubi, rebus",182,2.4,0.4,42.2,9.2
"Belitung, talas, kukus",145,1.2,0.4,34.2,1.0
"Bentul, talas, kukus",71,2.3,0.3,15.4,0.5
"Gadung, ubi, kukus",88,0.6,0.3,20.9,0.9
"Ganyong, rebus",100,0.8,0.2,23.8,0.9
Ketela pohon/ singkong kukus,153,1.2,0.3,36.4,1.3
"Suweg, talas, kukus",93,1.5,0.1,21.9,0.9
"Talas bogor, kukus",120,1.5,0.3,28.2,0.7
"Ubi jalar, kuning, kukus",100,0.7,0.3,23.8,1.0
Ubi jalar tinta/ kemayung kukus,165,0.9,0.2,39.8,1.1
Bagea kw 1,416,6.5,9.4,76.3,0.4
Bagea kw 2,382,0.3,3.5,87.2,0.9
Beras Cerdas,350,2.7,1.1,82.3,6.2
Beras ganyong,364,3.4,0.7,86.3,4.7
Beras Siger,344,1.1,0.2,28.3,5.6
Biji nangka/Biji salak,262,2.3,5.4,51.1,8.0
Cassavastick,460,0.8,18.7,17.2,1.6
Ceriping getuk singkong,462,1.2,20.7,67.7,0.6
Gatot,347,1.3,0.7,83.8,5.8
Geblek,195,0.4,1.7,44.4,3.6
Getuk goreng,360,1.3,6.4,74.3,0.8
Getuk singkong,204,0.5,1.4,47.4,0.8
Gurandil,218,0.5,2.5,48.5,3.1
Kabuto,250,2.6,2.5,35.4,1.8
Kapurung,41,2.0,0.3,7.8,2.0
Kecimpring singkong goreng,464,1.2,18.6,73.0,1.3
Keremes,475,1.6,25.2,64.4,2.1
Keripik gadung,446,2.8,14.5,76.0,1.7
Keripik kentang,448,2.7,18.8,67.1,3.8
Keripik singkong,478,0.9,20.7,72.0,2.0
Keripik singkong berbumbu,481,2.2,19.7,73.6,1.6
Keripik ubi,486,0.2,23.9,67.6,14.3
Kerupuk cumi goreng,444,6.9,14.6,71.3,5.0
Kerupuk kemplang (ikan) mentah,325,1.8,0.4,78.5,4.5
Kerupuk kemplang goreng,504,5.6,28.1,57.1,0.3
Kerupuk kemplang panggang,356,9.7,1.1,76.9,1.0
Kerupuk mie kuning goreng,476,0.1,21.1,71.3,4.2
Kerupuk udang goreng,477,4.7,20.5,68.5,5.0
Kue putu singkong,217,1.2,0.5,53.2,2.4
Lanting getuk,422,0.9,10.8,80.4,1.4
Mi golosor,71,0.2,0.8,15.9,0.1
Mie Bendo,353,0.3,0.0,88.0,2.4
Mie Sagu,190,0.2,0.4,46.5,1.4
Ongol-ongol sagu,111,0.3,2.7,21.2,0.3
Oyek,351,0.9,0.9,84.9,4.3
Papeda,61,0.2,0.1,14.9,0.5
Rasbi (Beras Ubi),394,2.2,8.8,76.6,6.8
Rasi (Beras Singkong),350,0.9,0.4,85.7,14.4
Sagu Lemak (Kue Sagon),452,2.8,14.8,76.8,1.1
Sagu Rendang,364,0.1,0.2,90.5,1.9
Serimping talas kebumen,478,2.5,21.2,69.2,1.7
Tapai singkong,169,1.4,0.3,40.2,2.0
Tepung Arrowroot,355,0.7,0.2,85.2,0.4
Tepung Ganyong,353,0.8,1.7,83.6,0.7
Tepung Gaplek,345,2.4,0.4,83.1,6.7
"Tepung kentang, kering",347,0.3,0.1,85.6,0.4
Tepung Mocaf,350,1.2,0.6,85.0,6.0
Tepung Sente,326,4.0,0.4,76.7,8.5
Tepung singkong/ Tapioka,363,1.1,0.5,88.2,0.9
Tepung Tales Beneng,332,5.7,0.6,76.1,12.2
Tepung Ubi Ungu,354,2.8,0.6,84.4,12.9
Tiwul,353,2.4,1.1,83.4,6.5
Tiwul Instan,395,3.2,8.5,76.5,4.2
Ubi Cilembu,186,1.9,0.2,44.3,3.4
"Kacang arab, kering",330,23.8,1.4,60.2,17.4
"Kacang belimbing (kecipir), kering",400,34.4,16.9,34.1,10.7
"Kacang bogor, kering",370,16.0,6.0,65.0,26.3
"Kacang bogor, segar",165,7.7,3.1,27.4,2.5
"Kacang endel, biji, kering",331,25.0,1.0,58.0,23.6
"Kacang ercis, segar",129,12.4,0.7,18.3,28.6
"Kacang gude, biji, kering",316,20.7,1.0,58.0,4.6
"Kacang gude, biji, segar",114,7.0,0.6,20.8,4.4
"Kacang hijau var, bakti, kering",350,17.1,1.8,70.7,5.7
"Kacang hijau var, siwalik, kering",339,20.8,2.1,64.6,7.4
"Kacang hijau, kering",323,22.9,1.5,56.8,7.5
"Kacang hitam, kering",346,16.6,1.7,66.1,22.8
"Kacang kapri, segar",98,6.7,0.4,17.7,6.2
"Kacang kedelai, kering",381,40.4,16.7,24.9,3.2
"Kacang kedelai, segar",286,30.2,15.6,30.1,2.9
"Kacang komak, segar",327,16.4,4.3,55.8,0.5
"Kacang kuning, kering",355,17.0,2.5,66.0,15.1
"Kacang lebui /iris, kering",346,16.5,1.5,66.6,37.3
"Kacang mentega, kering",344,16.7,2.1,64.6,13.0
"Kacang merah /banda, kering",350,13.9,3.0,66.9,26.3
"Kacang merah tua, kering",280,16.7,1.6,63.2,4.6
"Kacang merah, kering",314,22.1,1.1,56.2,4.0
"Kacang merah, segar",171,11.0,2.2,28.0,2.1
"Kacang mete/biji jambu monyet, segar",616,16.3,48.4,28.7,0.9
"Kacang panjang, biji, kering",357,17.3,1.5,68.6,10.6
Kacang tanah sangan,560,29.5,43.0,24.1,2.9
Kacang tanah sangan tanpa selaput,559,26.9,44.2,23.6,2.6
"Kacang tanah, kering",525,27.9,42.7,17.4,2.4
"Kacang tolo / tunggak, kering",331,24.4,1.9,56.6,1.6
"Kacang tunis, kering",351,12.2,1.2,72.9,29.5
"Kacang uci, kering",358,23.4,2.4,60.6,7.4
"Kacang urei, kering",354,12.8,1.8,69.3,26.1
"Komak polong, segar",99,3.3,0.1,21.2,10.3
"Koro andong, kering",356,20.5,4.1,61.6,7.0
"Koro benguk, biji, kering",332,24.0,3.0,55.0,5.6
"Koro kerupuk, biji, segar",125,8.3,0.7,22.1,2.2
"Koro loke, biji, segar",33,2.7,0.2,7.9,3.5
"Koro roay, kering",344,12.5,2.1,69.4,7.5
"Koro wedus, biji, kering",338,22.2,1.5,61.0,5.8
"Lamtoro biji, muda, segar",85,5.7,0.3,15.4,10.8
"Lamtoro biji, tua, segar",148,10.6,0.5,26.2,17.0
"Lamtoro var, gung tanpa kulit",367,46.4,5.4,32.5,2.6
"Lamtoro var, lokal dengan kulit",336,23.8,1.2,59.7,15.4
"Nangka, biji, segar",165,4.2,0.1,36.7,1.8
"Saga merah terkupas, mentah",449,30.6,25.5,31.9,3.5
"Wijen, mentah",568,19.3,51.1,18.1,3.6
"Kacang belimbing, rebus",204,16.9,8.8,17.5,4.8
"Kacang bogor, goreng",479,12.7,23.2,58.9,1.2
"Kacang bogor, rebus",161,7.7,2.8,27.1,2.0
"Kacang gude, rebus",147,9.0,0.5,27.5,3.4
"kacang hijau, rebus",109,8.7,0.5,18.3,1.5
"Kacang kedelai, goreng",521,32.2,37.7,22.9,7.6
"Kacang kedelai, rebus",189,20.2,8.2,12.7,1.6
"Kacang merah kering, rebus",158,10.3,0.9,28.2,2.6
"Kacang merah segar, rebus",144,10.0,1.0,24.7,3.5
"Kacang mete/biji jambu monyet, goreng",629,20.4,56.3,19.8,1.1
"Kacang tanah, goreng",564,25.5,44.4,25.5,2.8
"Kacang tanah, rebus",220,10.6,18.0,8.0,1.0
"Kacang tolo, rebus",138,10.7,1.1,22.6,0.9
Ampas kacang hijau,96,3.7,0.6,19.1,2.7
"Ampas tahu, mentah",67,5.0,2.1,8.1,4.1
Ampas tahu kukus,75,4.1,2.1,10.7,5.1
"Ampas tahu, kering",414,26.6,18.3,41.3,0.0
Pepea oncom ampas tahu,76,5.2,1.8,10.6,2.2
Dodol banjarmasin,368,2.6,8.6,70.0,0.5
Enting-enting gepuk hello kity,538,13.6,30.3,52.6,0.2
Enting-enting gepuk kacang tanah,524,13.3,29.2,52.0,0.2
Enting-enting wijen,565,18.2,38.4,36.8,1.9
Geplak,350,1.4,14.4,53.6,1.8
Geplak jahe,462,3.1,24.4,57.7,3.3
Kacang atom,533,27.8,38.1,28.8,2.5
Kacang negara,480,18.4,19.1,58.5,11.7
Kacang sukro,484,8.8,26.1,57.7,1.8
Kacang tanah sari,561,25.5,43.8,26.0,2.2
Keju kacang tanah (peanut butter),590,27.0,49.0,20.9,1.6
Kembang tahu,380,48.9,13.8,23.3,0.0
Keripik oncom,598,8.3,43.8,42.6,3.3
Keripik tempe,581,12.1,40.6,41.7,2.2
Keripik tempe abadi besar,556,15.8,37.1,39.8,3.5
Keripik tempe abadi murni,542,40.3,42.4,11.6,2.2
Keripik tempe abadi sedang,510,12.3,27.9,52.4,3.6
Keripik tempe abadi telur,529,20.8,31.7,40.2,3.0
Kerupik tempe abadi prima,540,16.7,33.9,42.0,2.2
Kwaci,515,30.6,42.1,13.8,13.6
Moon tahu,128,8.0,10.0,1.3,0.2
Oncom ampas kacang hijau,376,14.9,6.0,65.7,12.3
Oncom kacang hijau + singkong,351,11.0,5.3,65.9,9.0
Oncom kacang tanah pepes,132,12.7,3.8,13.7,3.1
Rempeyek kacang tanah,513,17.5,32.5,44.3,1.7
Rempeyek kacang tolo,451,11.2,20.2,59.7,1.8
Rempeyek kacang uci,497,17.0,27.6,50.8,2.4
Sayur lebui,64,2.1,0.6,12.5,5.7
"Saridele, bubuk",344,30.0,20.0,43.0,6.2
Susu kedelai,41,3.5,2.5,5.0,0.2
"Tahu, mentah",80,10.9,4.7,0.8,0.1
Tahu goreng,115,9.7,8.5,2.5,0.1
Tahu telur,328,12.6,19.9,24.6,0.4
Takwa,148,13.8,8.5,4.0,0.0
Tauco,184,11.4,5.5,22.2,1.9
"Tauco cap beruang, cake",347,7.4,5.2,67.6,3.2
"Tauco cap DAS, cake",358,7.5,4.3,70.4,3.1
Tauco cap meong,159,7.4,4.9,21.3,1.6
Tauji cap singa,277,9.1,4.7,49.6,1.2
Tempe gembus P3G,73,5.7,1.3,10.3,4.2
Tempe gembus yogya,76,6.8,0.7,10.6,5.3
Tempe kacang belimbing,212,17.5,10.0,12.9,2.9
Tempe kedelai + jagung,143,12.0,5.5,11.4,1.9
"Tempe kedelai murni, goreng",350,24.5,26.6,10.4,4.2
"Tempe kedelai murni, mentah",201,20.8,8.8,13.5,1.4
Tempe lamtoro,128,10.7,0.5,21.3,7.1
"Tempe lamtoro var, gung dengan kulit",146,11.7,2.3,19.6,7.6
"Tempe lamtoro var, gung tanpa kulit",131,18.0,0.8,13.0,1.3
Tempe pasar,150,14.0,7.7,9.1,1.4
Tempe pasar goreng,336,20.0,28.0,7.8,3.4
Tepung hunkwe (pati kacang ijo),364,4.5,1.0,83.5,16.1
Tepung Jalejo,388,19.0,7.5,61.2,5.8
Tepung kacang kedelai,347,35.9,20.6,29.9,5.8
"Akar tonjong, segar",45,1.1,0.4,10.8,1.2
"Ale,toge, segar",37,4.4,0.5,3.8,1.7
"Andaliman, segar",99,4.6,1.0,18.0,8.5
"Andewi, segar",226,1.6,0.2,5.3,4.1
"Bakung, segar",27,2.0,0.2,4.2,3.8
"Baligo, segar",15,0.4,0.2,3.0,0.4
"Bawang bombay, segar",43,1.4,0.2,10.3,2.0
"Bayam, segar",16,0.9,0.4,2.9,0.7
"Bayam merah, segar",41,2.2,0.8,6.3,2.2
"Bit, segar",41,1.6,0.1,9.6,2.6
Buah kelor,38,1.5,0.2,7.5,3.2
Buah merah,87,2.6,2.7,13.1,4.0
"Buncis, segar",34,2.4,0.3,7.2,1.9
"Bunga pepaya, segar",45,2.6,0.3,8.1,1.6
"Bunga turi, segar",42,2.0,1.1,6.1,3.3
"Caisin, segar",20,1.7,0.4,3.4,1.2
"Daun bangun-bangun, segar",27,1.3,0.6,4.0,1.0
"Daun bawang merah, segar",41,2.0,0.3,7.8,2.1
"Daun bebuas, segar",41,2.7,1.0,7.3,2.1
"Daun belem, segar",50,4.4,1.4,7.8,1.9
"Daun gandaria, segar",63,3.1,0.3,14.0,2.1
"Daun gedi besar, segar",58,2.9,0.7,10.0,3.3
"Daun gedi kecil, segar",61,3.2,0.7,10.4,3.4
"Daun gelang, segar",30,1.3,0.7,5.8,1.3
"Daun gunda bali, segar",50,4.6,0.9,7.0,1.4
"Daun gunda serang, segar",62,4.2,0.9,9.2,1.3
"Daun jambu mete muda, segar",78,4.6,0.5,16.2,3.0
"Daun jampang, segar",34,3.8,0.5,5.3,1.4
"Daun jawaw seluang, segar",93,5.0,1.3,15.3,3.9
"Daun jonghe, segar",27,2.1,0.7,4.4,2.0
"Daun kacang ma, segar",36,2.9,0.6,6.8,1.8
"Daun kacang panjang, segar",30,3.1,0.3,5.8,1.7
"Daun kasbi/singkong karet, segar",92,4.0,3.6,10.9,5.8
"Daun katuk, segar",59,6.4,1.0,9.9,1.5
"Daun kedondong, segar",59,3.5,0.3,13.4,10.7
"Daun kelor, segar",92,5.1,1.6,14.3,8.2
"Daun kemang, segar",43,5.5,0.3,7.5,8.4
"Daun kenikir, segar",45,3.7,0.5,6.6,5.8
"Daun kesum, segar",48,4.5,0.8,9.1,1.6
"Daun kol sawi, segar",22,2.1,0.5,3.6,0.9
"Daun kubis, segar",51,2.5,1.1,8.0,3.4
"Daun kumak, segar",14,1.3,0.3,2.3,0.9
"Daun labu siam, segar",34,4.0,0.4,4.7,3.5
"Daun labu waluh/kuning, segar",34,3.6,0.6,4.5,2.9
"Daun lamtoro, segar",87,8.3,1.8,14.4,3.3
"Daun leilem, segar",76,2.8,0.2,15.8,3.1
"Daun lobak, segar",30,2.3,0.4,5.8,3.2
"Daun lompong talas, segar",44,3.0,0.8,7.4,3.3
"Daun matel ambon, segar",71,6.8,1.6,11.5,4.6
"Daun melinjo, segar",104,5.0,1.3,21.3,10.3
"Daun mengkudu, segar",65,4.0,1.7,11.4,3.9
"Daun ndusuk, segar",166,1.7,0.5,38.8,10.7
"Daun oyong, segar",22,1.0,0.1,5.3,2.0
"Daun pakis, segar",39,4.5,0.4,6.9,2.0
"Daun pakis longgiho, segar",54,2.2,3.6,3.1,2.1
"Daun pakis wambateu, segar",53,3.4,1.2,7.2,4.8
"Daun paku, segar",29,3.4,0.1,6.5,4.3
"Daun pangi,segar",104,3.9,0.6,17.9,8.3
"Daun pare, segar",49,2.7,1.0,8.4,3.0
"Daun pepaya, segar",87,8.0,2.0,11.9,1.5
"Daun pohpohan, segar",37,2.5,0.8,6.9,2.6
"Daun selasih, segar",62,4.0,0.5,10.5,5.3
"Daun semanggi, segar",45,4.4,0.5,8.5,1.9
"Daun simpur, segar",53,3.2,2.5,7.6,1.6
"Daun singkil, segar",68,2.0,1.0,15.2,3.3
"Daun singkong, segar",50,6.2,1.1,7.1,2.4
"Daun singkong ambon, segar",144,12.7,1.2,25.2,10.2
"Daun singkong ampenan, segar",50,6.2,1.1,7.1,2.4
"Daun singkong kopang, segar",74,6.3,0.7,10.7,4.6
"Daun sintrong, segar",36,2.6,0.9,6.1,1.7
"Daun talas, segar",59,3.0,0.4,13.5,3.0
"Daun tespong, segar",70,2.9,0.3,13.9,2.3
"Daun ubi kuning, segar",62,3.7,0.3,11.1,6.4
"Daun ubi merah, segar",48,3.0,0.3,10.8,1.4
"Daun ubi putih, segar",46,2.8,0.2,8.2,4.8
"Daun ubi tinta, segar",55,1.7,0.1,11.9,7.6
"Eceng, segar",19,1.0,0.2,3.8,1.8
"Gambas (oyong), segar",19,0.8,0.2,4.1,1.3
"Genjer, segar",35,1.7,0.2,7.7,2.5
"Jagung muda / semi, segar",35,2.2,0.1,7.4,1.9
"Jamur kuping, kering",294,16.0,0.9,64.6,46.5
"Jamur kuping, segar",21,3.8,0.6,0.9,5.1
"Jamur merang, segar",30,3.5,0.2,4.0,2.4
"Jamur tiram, segar",30,1.9,0.1,5.5,3.6
Jamur sagu,48,1.9,3.2,2.8,1.0
"Jantung pisang, segar",32,1.2,0.3,7.1,3.2
"Jengkol, segar",192,5.4,0.3,40.7,1.5
"Jotang, segar",34,1.9,0.3,7.1,3.5
"Kabau, segar",130,6.7,0.3,25.2,2.9
"Kacang mekah, polong, segar",22,1.1,1.0,3.4,1.1
"Kacang panjang, segar",31,2.3,0.1,5.3,2.7
Kacang ranti polong,37,3.1,0.2,7.9,2.5
"Kalakai, segar",38,2.4,0.2,6.6,5.8
"Kangkung, segar",28,3.4,0.7,3.9,2.0
Kangkung tondano,43,1.8,0.2,8.4,4.3
"Kapri muda, segar",45,3.3,0.2,9.0,1.8
Karawila,25,2.3,0.2,3.5,2.1
"Kecipir muda, segar",32,2.9,0.2,5.8,5.5
"Kecombrang, segar",34,0.9,1.0,6.7,2.6
"Kelawi,kluwih, segar",118,1.5,0.3,27.2,5.0
"Kembang turi, segar",51,1.8,0.6,9.6,5.0
"Kerokot, segar",26,1.7,0.4,3.8,1.0
"Ketimun, segar",8,0.2,0.2,1.4,0.3
"Ketimun krai, segar",10,0.5,0.2,2.0,0.6
"Ketimun madura, segar",9,0.5,0.1,1.9,0.7
"Komak, segar",99,3.3,0.1,21.2,10.3
Kool kembang,25,2.4,0.2,4.9,1.6
"Kool merah,kool putih",29,1.4,0.2,5.3,1.9
"Koro wedus, polong",46,3.0,0.3,7.9,3.3
"Kucai, segar",45,2.2,0.3,10.3,4.8
"Kucai muda (Lokio), segar",42,3.8,0.6,7.8,4.9
Kulit melinjo,111,4.5,1.1,20.7,5.0
"Kundur, segar",22,0.4,0.2,4.7,1.3
"Labu air, segar",19,0.6,0.2,3.8,0.6
"Labu kuning, segar",51,1.7,0.5,10.0,2.7
"Labu siam, segar",30,0.6,0.1,6.7,6.2
"Labu waluh, segar",32,1.1,0.1,6.6,0.5
"Lantar, segar",34,2.2,0.3,5.5,2.9
"Lobak, segar",21,0.9,0.1,4.2,1.4
"Lumai/Leunca, segar",38,1.1,0.3,7.6,2.0
Mostarda metan -sawi,33,2.3,0.5,4.7,1.8
"Nangka muda, segar",57,2.0,0.4,11.3,8.3
"Paria putih, segar",19,1.0,0.4,3.6,1.3
"Pepare ular, segar",19,0.6,0.1,3.9,1.0
"Pepaya muda, segar",29,2.1,0.1,4.9,2.1
"Petai, segar",92,5.4,1.1,15.2,2.0
"Peterseli, segar",53,3.7,1.0,9.0,0.0
"Putri malu, segar",76,3.6,0.3,14.6,7.1
"Rebung, segar",25,0.8,0.1,5.3,9.7
"Rimbang, segar",75,1.6,0.6,15.8,10.0
Rumput laut,41,1.4,0.3,8.1,2.2
"Sawi, segar",28,2.3,0.3,4.0,2.5
"Sawi putih / pecai, segar",9,1.0,0.1,1.7,0.8
"Sawi taiwan, segar",30,1.9,0.5,4.4,2.7
"Sawi tanah, segar",19,1.3,0.2,2.9,2.2
"Selada, segar",18,1.2,0.2,2.9,1.8
"Selada air, segar",17,3.1,0.2,2.2,0.7
"Seledri, segar",23,1.0,0.1,4.6,2.0
"Taoge, segar",34,3.7,1.2,4.3,1.1
"Taoge kacang kedelai, segar",76,9.0,2.6,6.4,0.7
"Taoge kacang tunggak, segar",40,5.0,0.2,5.8,2.6
"Tebu terubuk (lilin), segar",30,4.6,0.4,3.0,0.8
"Tekokak, segar",34,2.0,0.1,7.9,4.9
"Tekokak, kering",302,8.3,1.7,72.6,21.2
"Terong, segar",28,1.1,0.2,5.5,2.1
"Terong asam, segar",37,2.0,0.4,6.3,3.2
"Terung belanda, segar",52,2.1,1.1,8.6,1.4
"Terung bengkulu, segar",52,1.1,0.4,11.2,3.2
"Terong hintalo, segar",45,1.9,0.8,7.5,5.1
Terung panjang,25,2.1,0.1,5.3,0.5
"Tomat, air (sari), segar",20,1.0,0.2,3.5,0.4
"Tomat merah, segar",24,1.3,0.5,4.7,1.5
"Tomat muda, segar",24,2.0,0.7,3.3,1.8
"Uceng/ bunga melinjo, segar",82,5.8,1.3,11.7,4.8
"Umbut kelapa, segar",39,2.0,0.2,7.2,2.5
Umbut rotan,34,2.4,0.3,5.5,2.2
"Wortel, segar",36,1.0,0.6,7.9,1.0
"Bayam, kukus",30,1.3,0.7,5.8,1.2
"Bayam ,rebus",23,1.2,0.6,3.7,1.1
"Buncis, rebus",30,2.2,0.2,6.4,1.5
"Daun kacang panjang, kukus",40,3.7,0.3,8.0,1.8
"Daun katuk, rebus",53,5.3,0.9,9.1,1.2
"Daun kelor, rebus",61,6.1,0.9,10.0,0.9
"Daun mengkudu, kukus",63,3.8,1.5,11.5,2.4
"Daun singkong, rebus",31,3.7,0.6,4.8,1.6
"Daun talas, rebus",27,1.3,0.2,5.9,1.6
"Daun ubi merah, kukus",56,3.1,0.3,13.0,1.5
"Kacang panjang ,kukus",39,3.0,0.6,7.6,1.7
"Kacang panjang, rebus",30,2.3,0.4,5.8,1.4
"Kangkung, kukus",30,3.2,0.7,4.7,1.8
"Kangkung, rebus",22,2.5,0.6,3.1,1.2
"Paria putih, kukus",16,0.8,0.2,3.4,1.2
"Selada, rebus",19,2.7,0.2,2.9,0.7
"Taoge, goreng",88,3.2,2.1,14.0,0.7
"Taoge, seduh",28,3.0,0.8,4.0,1.0
"Terung panjang, kukus",23,1.8,0.1,4.9,0.4
"Wortel, rebus",28,0.7,0.5,6.3,0.8
"Wortel, kukus",37,1.0,0.6,8.3,1.1
"Asinan Bogor, sayuran",98,3.9,2.6,14.8,0.5
"Anyang, sayur",126,3.4,7.9,10.3,5.4
"Ares, sayur",113,0.9,7.2,11.2,4.7
Arwan sirsir,277,2.4,25.0,10.7,4.6
Beberuk,65,1.1,5.2,3.5,3.1
Botok lamtoro,186,11.7,9.7,13.0,2.1
Buntil daun talas,141,4.4,10.2,8.0,1.8
Cammetutu,102,3.2,6.0,8.7,4.3
"Cap cai, sayur",97,5.8,6.3,4.2,0.6
Gado-gado,137,6.1,3.2,21.0,1.1
"Gudeg, sayur",160,3.3,9.2,16.0,2.3
Gulai pakis,143,4.0,11.4,6.0,1.4
Kadada katembe,110,4.5,6.9,7.1,3.9
"Kaparende, sayur",38,2.4,2.0,2.6,1.5
"Karedok, sayur",92,2.2,3.3,14.1,1.4
Keripik bayam,586,4.9,40.6,50.2,0.5
Kotiu hinela tawang nggole,46,2.2,1.5,6.0,3.8
Lilin bungkus gedi,79,2.3,5.2,5.8,2.5
Olah-olah,9,2.1,6.0,7.1,4.4
Paku hinela wulelenggapaya,77,3.5,4.6,5.4,3.6
Pelecing kangkung,75,2.5,2.8,10.0,5.4
Purundawa,25,1.5,0.5,3.6,1.7
Rujak cingur,153,11.3,8.4,8.0,1.4
Sayur asem,29,0.7,0.6,5.0,0.6
Sayur bunga pepaya,49,1.7,0.3,9.8,2.7
Sayur garu,178,2.6,13.9,10.6,8.4
Sayur kohu-kohu,133,7.3,6.6,11.2,1.2
Sayur lilin-terubuk,36,2.7,0.7,4.8,1.4
Sayur sop,27,1.3,2.0,1.0,0.3
Sayur umbut kelapa,67,5.2,2.9,5.1,1.4
Sayur umbut rotan,57,5.4,2.6,3.1,1.6
Shabu-shabu,88,3.2,8.0,0.8,0.9
Tinira ninahu nggaluku,33,1.2,1.3,4.1,3.1
Tumis bayam bersantan,48,1.4,4.2,2.6,0.5
Waluh balamak,45,0.8,0.9,8.1,7.9
Woku ubi,143,3.1,7.8,15.0,7.0
"Anggur hutan, segar",30,0.5,0.2,6.8,1.2
"Apel malang, segar",57,0.5,0.4,12.8,0.8
"Apel, segar",58,0.3,0.4,14.9,2.6
"Belimbing, segar",36,0.4,0.4,8.8,3.2
"Biwah, segar",51,0.3,0.1,12.1,0.7
"Buah kom, segar",264,4.0,1.1,59.6,9.0
"Buah mentega (Bisbul), segar",39,0.7,0.2,9.7,2.0
"Buah Naga Merah, segar",71,1.7,3.1,9.1,3.2
"Buah Naga Putih, segar",56,0.8,1.0,10.9,3.2
"Buah negri, segar",55,1.2,0.1,12.2,5.2
"Buah nona, segar",101,1.7,0.6,25.2,2.8
"Buah rukam, segar",113,0.8,0.3,26.8,7.7
"Buah ruruhi, segar",29,2.1,0.7,3.6,2.6
"Carica papaya, segar",24,1.9,0.2,3.7,1.0
"Cempedak, segar",116,3.0,0.4,28.6,3.4
"Duku, segar",63,1.0,0.2,16.1,4.3
"Durian, segar",134,2.5,3.0,28.0,3.5
"Duwet, segar",80,0.5,0.6,18.2,0.9
"Embacang, segar",98,1.4,0.2,25.4,1.9
"Encung asam, segar",122,3.5,4.5,17.5,9.3
"Erbis, segar",70,0.6,0.0,18.9,7.7
Gandaria masak,68,0.7,0.1,18.0,2.2
"Gatep, segar",191,4.5,1.5,39.7,13.4
"Jambu air, segar",46,0.6,0.2,11.8,2.1
Jambu biji,49,0.9,0.3,12.2,2.4
Jambu bj putih tdk brbj,61,0.9,0.3,15.4,4.5
"Jambu bol, segar",49,2.3,0.2,9.6,3.5
"Jambu monyet, segar",64,0.7,0.6,15.8,1.2
"Jeruk bali, segar",48,0.6,0.2,12.4,0.8
"Jeruk banjar, segar",61,0.8,0.2,14.1,5.4
Jeruk garut-keprok,44,0.8,0.3,10.9,1.6
"Jeruk Kalamansi, segar",39,0.3,0.3,8.9,2.3
"Jeruk manis, segar",45,0.9,0.2,11.2,1.4
"Jeruk nipis, segar",44,0.5,0.2,10.0,0.4
"Jeruk ragi, segar",49,0.7,0.2,11.1,0.5
"Kawista, segar",120,3.5,2.5,20.8,4.6
"Kedondong masak, segar",46,1.0,0.1,10.3,2.6
"Kedondong, segar",47,0.5,0.2,10.4,2.7
"Kelapa muda, daging, segar",68,1.0,0.9,14.0,0.0
"Kemang, segar",48,1.0,0.2,11.9,1.7
"Kesemek, segar",78,0.8,0.4,20.0,0.6
"Kokosan, segar",86,1.6,0.2,13.0,1.4
"Kranji, segar",315,2.1,1.4,73.5,3.6
"Langsat, segar",56,0.9,0.2,14.3,1.4
"Lemon, segar",34,0.5,0.8,6.2,0.1
"Lontar, segar",27,0.4,0.2,6.0,1.6
"Mangga, segar",52,0.7,0.0,12.3,1.6
"Mangga benggala, segar",63,2.4,0.4,12.4,5.8
"Mangga gedung, segar",44,0.7,0.2,11.2,1.6
"Mangga golek, segar",63,0.5,0.2,16.7,2.3
"Mangga harumanis, segar",46,0.4,0.2,11.9,1.7
"Mangga indramayu, segar",72,0.8,0.2,18.7,2.5
"Mangga kopek, segar",56,0.4,0.2,14.6,2.0
"Mangga kwini, segar",86,0.7,0.5,19.8,6.5
"Mangga manalagi, segar",133,1.0,0.1,32.1,11.8
"Manggis, segar",63,0.6,0.6,15.6,1.5
"Markisa, segar",144,3.5,1.2,29.8,11.4
"Matoa, segar",90,1.2,0.1,21.1,0.5
"Melon, segar",37,0.6,0.4,7.8,1.0
"Nanas palembang, segar",58,0.7,0.2,13.3,1.6
"Nanas, segar",40,0.6,0.3,9.9,0.6
"Nangka masak pohon, segar",106,1.2,0.3,27.6,3.7
"Pala, daging, segar",42,0.3,0.2,10.9,0.5
"Pepaya, segar",46,0.5,12.0,12.2,1.6
"Pisang ambon, segar",108,1.0,0.8,24.3,1.9
"Pisang angleng (pisang ampyang), segar",68,1.3,0.2,17.2,0.8
"Pisang ayam, segar",120,1.1,0.2,26.8,4.1
"Pisang gapi, segar",131,1.6,0.1,31.1,11.7
"Pisang goroho, segar",119,1.5,0.2,27.9,4.6
"Pisang hijau, segar",121,1.0,0.1,28.9,0.4
"Pisang kayu, segar",100,1.4,0.5,23.6,2.6
"Pisang kepok, segar",109,0.8,0.5,26.3,5.7
"Pisang ketip, segar",145,1.1,0.3,34.5,6.6
"Pisang kidang, segar",96,1.0,0.2,22.5,0.6
"Pisang lampung, segar",99,1.3,0.2,25.6,4.3
"Pisang mas bali ampenan, segar",92,1.4,0.2,21.0,3.7
"Pisang mas bali kopang, segar",127,1.4,0.2,31.8,3.7
"Pisang mas, segar",127,1.4,0.2,33.6,1.4
"Pisang raja sereh, segar",108,1.3,0.3,28.2,0.7
"Pisang raja, segar",120,1.2,0.2,31.8,5.3
"Pisang rotan, segar",98,1.3,1.2,20.5,1.0
"Pisang talas, segar",113,1.2,0.2,26.7,4.4
Pisang tujuh bulan,94,0.6,0.2,22.5,3.7
"Pisang ua, segar",128,0.8,0.5,30.2,8.1
"Pisang uli, segar",134,1.1,0.5,35.5,1.4
"Purut, segar",76,4.1,1.1,15.2,1.7
"Rambutan binjai, segar",76,0.5,0.2,18.0,3.8
"Rambutan, segar",69,0.9,0.1,18.1,0.8
"Salak bali, segar",57,0.5,0.1,13.6,1.3
"Salak medan, segar",55,0.4,0.2,12.8,3.2
"Salak pondoh, segar",87,0.8,0.4,20.1,0.0
"Sawo duren, segar",64,1.0,3.1,8.0,0.8
"Sawo kecik, segar",111,0.9,2.3,21.6,1.0
"Sawo Manila, segar",92,0.5,1.1,22.4,9.5
"Semangka, segar",28,0.5,0.2,6.9,0.4
"Sirsak, segar",65,1.0,0.3,16.3,3.2
"Sowa, segar",48,1.6,0.6,9.1,45.0
"Srikaya, segar",63,1.1,0.5,13.9,2.1
"Sukun muda, segar",119,1.4,0.2,28.1,1.4
"Sukun tua, segar",126,1.6,0.2,24.5,1.5
"Wani, segar",74,0.8,0.3,17.1,3.1
Getuk pisang,144,1.1,0.4,34.1,0.4
Ledre pisang,405,4.8,5.1,84.9,0.4
Lempog durian,320,3.5,5.7,63.7,4.9
Rujak aceh,82,0.4,0.3,19.7,2.4
Sale pisang siam,281,2.4,0.7,66.1,1.0
"Sale pisang, cilacap",295,2.3,2.1,66.9,1.3
Tepung Pisang,338,2.9,0.4,80.6,5.3
Tepung Sukun,353,2.9,0.5,84.4,3.7
"Anak sapi, daging, gemuk, segar",184,18.8,14.0,0.0,0.0
"Anak sapi, daging, kurus, segar",174,19.6,10.0,0.0,0.0
"Anak sapi, daging, sedang, segar",190,19.1,12.0,0.0,0.0
"Angsa, daging, segar",349,16.4,31.5,0.0,0.0
"Ayam, daging, segar",298,18.2,25.0,0.0,0.0
"Ayam, dideh/darah, segar",75,13.8,1.9,0.7,0.0
"Ayam, hati, segar",261,27.4,16.1,1.6,0.0
"Bebek (itik), daging, segar",321,16.0,28.6,0.0,0.0
"Bebek alabio, daging, segar",303,11.3,27.0,3.7,0.0
"Belibis, daging, segar",131,20.2,4.3,2.8,0.0
"Domba, daging, gemuk, segar",317,15.7,27.7,0.0,0.0
"Domba, daging, kurus, segar",202,17.1,14.8,0.0,0.0
"Domba, ginjal, segar",100,16.6,3.3,1.0,0.0
"Kambing, daging, segar",149,16.6,9.2,0.0,0.0
"Kelinci, daging, segar",142,16.9,7.8,0.0,0.0
"Kerbau, daging, segar",79,18.7,0.5,0.0,0.0
"Kuda, daging, segar",113,18.1,4.1,0.9,0.0
"Sapi, babat, segar",108,17.6,4.2,0.0,0.0
"Sapi, daging, gemuk, segar",273,17.5,22.0,0.0,0.0
"Sapi, daging, kurus, segar",174,19.6,10.0,0.0,0.0
"Sapi, daging, lemak sedang, segar",201,18.8,14.0,0.0,0.0
"Sapi, daleman, segar",183,12.0,14.4,1.4,0.0
"Sapi, dideh/darah",98,21.9,1.1,0.0,0.0
"Sapi, ginjal, segar",137,15.0,8.1,0.9,0.0
"Sapi, keleponan, segar",84,10.5,4.6,0.2,0.0
"Sapi, liver, segar",132,19.7,3.2,6.0,0.0
"Sapi, otak, segar",123,10.4,8.6,0.8,0.0
"Sapi, usus, segar",126,14.0,7.2,1.5,0.0
Ulat sagu segar,241,5.8,21.6,5.8,2.8
"Ayam, ampela, goreng",270,32.3,11.2,9.9,0.0
"Ayam, usus, goreng",473,45.2,26.3,13.9,0.0
"Bebek, daging, goreng",300,24.0,20.7,4.5,0.0
Ham,384,16.9,35.0,0.3,0.0
"Sapi, abon",212,18.0,10.6,59.3,7.5
"Sapi, abon, asli",358,14.6,16.1,38.6,2.5
"Sapi, daging, asap",182,32.0,6.0,0.0,0.0
"Sapi, daging, kornet",289,16.0,25.0,0.0,0.0
"Sapi, hati, sosis (liverworst)",274,16.0,22.0,3.0,2.3
"Ulat sagu, panggang",380,11.9,30.3,14.9,4.8
"Ayam goreng church,texas paha",287,31.0,15.7,1.7,0.0
"Ayam goreng kalasan, paha",275,37.4,12.2,1.3,0.0
"Ayam goreng kentucky, dada",298,34.2,16.8,0.1,0.0
"Ayam goreng Kentucky, paha",286,32.1,16.1,1.1,0.0
"Ayam goreng Kentucky,sayap",297,35.9,15.2,1.6,0.0
Ayam goreng mbok berek dada,295,39.2,13.6,1.0,0.0
"Ayam goreng pasundan, dada",246,37.9,9.0,0.7,0.0
"Ayam goreng pasundan, paha",245,33.1,11.4,0.3,0.0
"Ayam goreng pioneer, dada",295,37.4,14.7,0.6,0.0
"Ayam goreng sukabumi, dada",244,36.7,9.2,1.0,0.0
"Ayam goreng sukabumi, paha",283,35.7,14.3,0.5,0.0
Beef burger,258,10.6,9.5,32.5,0.4
"Beef teriyaki, masakan",151,8.6,3.1,22.3,0.3
"Beef yakiniku, masakan",132,9.8,1.1,20.7,0.3
Brongkos,141,15.3,3.3,12.6,1.0
"Bulgogi, masakan",72,11.4,4.9,1.4,1.7
"Chicken teriyaki, masakan",168,13.0,9.6,7.5,0.8
"Chikiniku, masakan",143,9.8,1.4,22.8,0.4
"Djibokum, masakan",248,10.0,2.3,40.9,0.1
"Lawar penyu, masakan",141,23.0,1.5,7.6,0.0
"Rendang sapi, masakan",193,22.6,7.9,7.8,0.0
"Sate, penyu, masakan",179,22.5,3.5,13.3,0.0
"Penyu, serapah, masakan",174,13.1,12.2,2.2,0.0
"Soto bandung, masakan",42,3.9,1.7,2.8,0.4
"Soto betawi, masakan",135,2.5,8.8,11.5,0.5
"Soto kudus, masakan",38,2.6,2.3,1.8,0.2
"Soto madura, masakan",60,3.5,4.5,1.3,0.0
"Soto padang, masakan",127,5.9,6.6,11.0,0.7
"Soto pekalongan, masakan",94,3.0,6.8,5.1,0.3
"Soto pemalang, masakan",75,3.6,5.2,3.5,0.0
"Soto sukaraja, masakan",80,3.2,3.5,9.0,0.3
"Soto sulung, masakan",86,2.3,8.5,0.0,0.0
"Sukiyaki, masakan",75,5.6,0.4,12.2,0.2
"Belut, segar",70,14.6,0.8,1.0,0.0
"Belut,laut, segar",93,12.8,1.5,6.1,0.0
"Cumi-cumi, segar",75,16.1,0.7,0.1,0.0
"Ikan bader, segar",193,19.0,13.0,0.0,0.0
"Ikan balong, segar",107,16.5,3.9,1.5,0.0
"Ikan bambangan, segar",112,20.0,1.3,3.7,0.0
"Ikan bandeng, segar",123,20.0,4.8,0.0,0.0
"Ikan banjar, segar",111,19.4,0.9,4.8,0.0
"Ikan baronang, segar",78,14.5,0.6,3.7,0.0
"Ikan batung, segar",115,14.5,4.6,4.2,0.0
"Ikan baung, segar",123,15.1,5.5,3.3,0.0
"Ikan bawal, segar",91,19.0,1.7,0.0,0.0
"Ikan Belida, segar",80,14.7,1.4,2.2,0.0
"Ikan beunteur, segar",109,17.0,4.0,0.0,0.0
"Ikan biawan, segar",90,14.9,2.5,2.1,0.0
"Ikan bili, segar",88,14.2,0.7,6.2,0.0
"Ikan cakalang, segar",107,19.6,0.7,5.5,0.0
"Ikan daun, segar",101,11.5,4.1,4.6,0.0
"Ikan ekor kuning, segar",108,22.3,1.2,2.1,0.0
"Ikan gabus, segar",80,16.2,0.5,2.6,0.0
"Ikan kacangan, segar",77,15.6,0.9,1.6,0.0
"Ikan kakap, segar",92,20.0,0.7,0.0,0.0
"Ikan kalaban, segar",77,16.4,0.7,1.3,0.0
"Ikan kamera (kakap merah), segar",86,19.7,0.8,0.0,0.0
"Ikan kapar, segar",132,17.0,6.7,0.8,0.0
"Ikan keru-keru, segar",93,16.5,2.1,0.8,0.0
"Ikan lais, segar",161,11.9,11.5,2.4,0.0
"Ikan layang, segar",109,22.0,1.7,0.0,0.0
"Ikan layur, segar",82,18.0,1.0,0.4,0.0
"Ikan lemuru, segar",112,20.0,3.0,0.0,0.0
"Ikan lidah, segar",104,15.6,3.2,2.0,0.0
"Ikan mamar merah, segar",115,15.3,4.0,4.4,0.0
"Ikan mas, segar",86,16.0,2.0,0.0,0.0
"Ikan mayong, segar",97,17.9,2.0,0.4,0.0
"Ikan mujahir, segar",89,18.7,1.0,0.0,0.0
"Ikan paling, segar",303,14.0,27.0,0.0,0.0
"Ikan papuyu/ betok, segar",120,14.3,4.9,4.6,0.0
"Ikan patin, segar",132,17.0,6.6,1.1,0.0
"Ikan saluang, segar",113,13.9,4.9,3.4,0.0
"Ikan sarden, segar",109,19.9,1.8,3.4,0.0
"Ikan selar, segar",100,18.8,2.2,0.0,0.0
"Ikan sepat, segar",84,15.2,0.6,4.7,0.0
"Ikan sidat, segar",81,11.4,1.9,3.8,0.0
"Ikan tahuman, segar",88,15.9,0.9,4.1,0.0
"Ikan tarmon, segar",96,19.5,1.1,2.0,0.0
"Ikan telan, segar",95,15.8,0.7,6.5,0.0
"Ikan tembang, segar",204,16.0,15.0,0.0,0.0
"Ikan tempahas, segar",101,15.1,4.1,1.0,0.0
"Ikan terbang, segar",98,19.6,1.7,1.0,0.0
"Ikan teri, segar",74,10.3,1.4,4.1,0.0
"Ikan titang, segar",82,17.4,0.4,2.3,0.0
"Ikan tongkol, segar",100,13.7,1.5,8.0,0.0
"Keong, segar",64,12.0,1.0,2.0,0.0
"Kepiting, segar",151,13.8,3.8,14.1,0.0
"Kerang, segar",101,14.4,2.6,3.9,0.0
"Kodok, segar",73,16.4,0.3,0.0,0.0
"Kura-kura, segar",83,19.1,0.2,0.0,0.0
"Kuro, segar",87,16.0,2.2,1.0,0.0
"Rajungan, segar",76,12.1,2.0,2.4,0.0
"Rebon, udang kecil, segar",81,16.2,1.2,0.7,0.0
Rusip,110,11.5,2.0,11.7,0.0
"Udang galah, segar",81,16.5,0.3,3.0,0.0
"Udang, besar, segar",56,11.4,0.6,1.2,0.0
"Udang, segar",91,21.0,0.2,0.1,0.0
"Bekicot, dendeng, mentah",441,48.7,20.3,15.8,0.0
"Belut, goreng",417,25.9,19.4,32.0,0.0
"Cumi-cumi, goreng",265,40.6,10.1,0.0,0.0
"Ikan asin, kering",193,42.0,1.5,0.0,0.0
"Ikan bandeng presto, masakan",296,17.1,20.3,11.3,0.0
Ikan Belida bakar,128,18.0,3.0,7.2,0.0
"Ikan cakalang asin, mentah",198,36.5,2.2,5.5,0.0
"Ikan calo/ peda, mentah",81,11.4,1.9,3.8,0.0
"Ikan Gabus asap, mentah",261,38.1,2.3,21.9,0.0
"Ikan Gabus, kering",268,58.0,4.0,0.0,0.0
"Ikan katombo, asin",162,31.7,2.8,0.3,0.0
"Ikan kayu, kering",302,70.7,1.9,0.4,0.0
"Ikan lomak asin, mentah",258,40.3,2.3,18.9,0.0
Ikan Mas pepes,209,15.2,11.3,11.8,0.5
Ikan mujahir goreng,416,46.9,23.9,0.0,0.0
Ikan Mujahir pepes,121,21.7,2.8,0.8,0.0
"Ikan mujahir, dendeng, mentah",582,68.3,15.2,37.2,0.0
"Ikan Papuyu, bakar",152,17.6,6.1,6.7,0.0
"Ikan peda banjar, mentah",156,28.0,4.0,2.0,0.0
"Ikan pepetek, mentah",176,32.0,4.4,2.0,0.0
"Ikan Pindang banjar, mentah",157,28.0,4.2,1.8,0.0
"Ikan Pindang benggol, mentah",170,31.0,4.2,0.0,0.0
"Ikan Pindang layang, mentah",153,30.0,2.8,0.0,0.0
"Ikan Pindang selar, mentah",142,27.0,3.0,0.0,0.0
"Ikan sale, mentah",534,40.2,39.3,4.9,2.0
"Ikan sale lais, mentah",415,61.3,17.6,2.9,0.0
"Ikan saluang, kering, mentah",284,34.1,9.9,14.6,0.0
"Ikan selar kuning, cue, mentah",138,27.0,3.3,0.0,0.0
"Ikan selar, kering, mentah",194,38.0,3.5,0.0,0.0
"Ikan sepat, kering, mentah",289,38.0,14.0,0.0,0.0
"Ikan, tepung, mentah",316,60.1,6.5,22.4,0.0
"Ikan Teri nasi, kering, mentah",144,32.5,0.6,0.0,0.0
"Ikan Teri, bubuk, mentah",277,60.0,2.3,1.8,0.0
"Ikan teri, kering, mentah",170,33.4,3.0,0.0,0.0
"Ikan Teri, kering, tawar, mentah",331,68.7,4.2,0.0,0.0
"Ikan Teri, tepung, mentah",347,48.8,6.4,19.6,0.0
"Kerang, dendeng, mentah",357,41.1,10.0,25.6,0.0
"Rebon, kering, mentah",299,59.4,3.6,3.2,0.0
Sardines dalam kaleng,338,21.1,27.0,1.0,0.0
"Teripang, dendeng, mentah",462,39.1,32.4,3.5,0.0
"Dendeng belut, goreng, masakan",382,55.7,14.1,8.0,0.0
"Dendeng mujahir, goreng, masakan",598,74.3,26.9,9.2,0.0
Fillet o-fish,270,12.3,15.9,19.3,0.2
"Gurame asem manis, masakan",192,12.7,10.1,12.7,0.0
"Mujahir acar kuning, masakan",330,17.8,23.4,12.1,1.1
"Pempek belida, masakan",156,4.2,1.4,31.6,0.2
"Pempek kelesan, masakan",211,12.3,6.1,26.6,0.4
"Pempek tenggiri, masakan",173,7.2,1.2,33.4,0.2
"Pencok lele, masakan",372,7.8,36.3,3.5,0.0
Sate Bandeng,283,12.1,16.8,20.9,2.0
"Teri belado, masakan",365,23.7,22.3,17.5,0.0
Tumis keumamah,300,14.5,20.0,15.5,4.5
"Telur ayam kampung, segar",174,10.8,14.0,1.2,0.0
"Telur ayam ras, segar",154,12.4,10.8,0.7,0.0
"Telur ayam ras, bagian kuning, segar",355,16.3,31.9,0.7,0.0
"Telur aAyam ras, bagian putih, segar",50,10.8,0.0,0.8,0.0
"Telur bebek alabio, segar",187,11.8,14.2,3.0,0.0
"Telur bebek, bagian kuning, segar",386,17.0,35.0,0.8,0.0
"Telur bebek, bagian putih, segar",54,11.0,0.0,0.8,0.0
"Telur bebek tambak, segar",187,10.9,12.4,7.9,0.0
"Telur penyu, segar",136,8.6,10.1,2.7,0.0
"Telur burung puyuh, segar",116,10.7,7.0,1.6,0.0
"Telur ayam, dadar, masakan",251,16.3,19.4,1.4,0.0
"Telur bebek, asin, mentah",179,13.6,13.3,4.4,0.0
"Telur bebek, dadar, masakan",301,20.0,23.7,0.0,0.0
"Ikan, telur, asin, mentah",358,20.7,26.4,9.4,0.0
"Kepala susu - krim, segar",204,2.6,20.0,4.0,0.0
Susu ibu - ASI,62,1.5,3.2,7.0,0.0
"Susu kambing, segar",64,4.3,2.3,6.6,0.0
"Susu kuda, segar",40,2.0,1.1,5.4,0.0
"Susu sapi, segar",61,3.2,3.5,4.3,0.0
Es krim,210,4.0,12.5,20.6,0.0
Hangop,65,10.0,1.0,3.5,0.0
Keju,326,22.8,20.3,13.1,0.0
Kwark (Quark),242,19.0,17.0,3.0,0.0
"Susu asam untuk bayi, bubuk",418,19.0,9.0,65.5,0.0
Susu bubuk,513,24.6,30.0,36.2,0.0
Susu kental manis,343,8.2,10.0,55.0,0.0
"Susu skim, bubuk",359,35.6,1.0,52.0,0.0
"Yoghurt, segar",52,3.3,2.5,4.0,0.0
"Kelapa setengah tua, daging, segar",180,4.0,15.0,10.0,2.4
"Kelapa tua, daging, segar",359,3.4,34.7,14.0,4.7
Lemak ikan,372,12.0,29.4,14.4,0.0
Lemak kerbau (lemak sapi),818,1.5,90.0,0.0,0.0
Minyak ikan,902,0.0,100.0,0.0,0.0
Minyak kacang tanah,902,0.0,100.0,0.0,0.0
Minyak kedelai,883,0.0,99.9,0.0,0.0
Minyak kelapa,870,1.0,98.0,0.0,0.0
Minyak kelapa sawit,884,0.0,100.0,0.0,0.0
Minyak wijen,881,0.2,99.7,0.0,0.0
Minyak zaitun,884,0.0,100.0,0.0,0.0
Margarin,720,0.6,81.0,0.4,0.0
Mentega,742,0.5,81.6,1.4,0.0
Santan (dengan air),122,2.0,10.0,7.6,1.4
Santan murni,324,4.2,34.3,5.6,0.0
"Coklat manis, batang",527,2.0,29.8,62.7,6.5
"Coklat pahit,batang",615,5.5,42.6,29.2,10.8
"Coklat susu, batang",565,9.0,35.0,53.6,3.4
Coklat bubuk,311,8.0,4.0,48.9,32.6
Gula aren,368,0.0,0.0,92.0,0.0
Gula kelapa,386,3.0,10.0,76.0,0.0
Gula putih,394,0.0,0.0,94.0,0.0
"Jam, selai",239,0.5,0.6,64.5,1.0
Kopi bubuk instant,129,12.3,0.5,35.0,0.0
Madu,294,0.3,0.0,79.5,0.2
Sirup,213,0.0,0.0,55.0,0.0
Sirup pirous,228,0.2,0.4,55.9,0.0
Teh hijau daun kering,300,28.3,4.8,53.6,9.6
Teh hitam daun kering,293,24.5,2.8,58.8,8.7
Teh melati daun kering,299,24.1,3.5,59.0,9.7
"Asam arang coklat, segar",130,0.5,1.1,30.9,1.5
"Asam arang merah, segar",99,0.8,1.6,20.3,2.8
"Asan kandis, kering",261,0.9,1.6,63.3,5.0
"Asam kandis, segar",75,0.2,1.1,16.1,3.4
"Asam masak pohon, segar",267,2.8,0.6,62.5,1.2
"Asam payak, segar",135,0.8,0.4,32.1,10.0
"Bawang merah, segar",46,1.5,0.3,9.2,1.7
"Bawang putih, segar",112,4.5,0.2,23.1,0.6
"Boros kunci, segar",40,1.0,0.8,7.2,1.0
"Boros laja (lengkuas), segar",26,1.0,0.3,4.7,1.1
"Cabai gembor merah, segar",38,1.6,0.8,6.3,1.6
"Cabai hijau, segar",26,0.7,0.3,5.2,2.6
"Cabai merah, kering",367,15.9,6.2,61.8,26.9
"Cabai merah, segar",36,1.0,0.3,7.3,1.4
"Cabai rawit, segar",120,4.7,2.4,19.9,15.2
"Cengkeh, kering",330,5.2,8.9,57.4,10.0
"Daun salam, bubuk",301,14.2,10.9,49.0,9.4
"Jahe, segar",51,1.5,1.0,10.1,12.0
Kemiri,675,19.0,63.0,8.0,3.0
"Ketumbar, kering",418,14.1,16.1,54.2,12.3
"Kunyit, segar",69,2.0,2.7,9.1,0.6
"Merica, kering",365,11.5,6.8,64.4,1.0
"Pala, biji, kering",518,7.5,36.4,40.1,3.5
Balichong,152,13.2,0.8,22.9,1.5
Bekasam,116,11.9,4.9,6.1,3.5
Bekasang,78,11.4,2.0,3.6,0.4
Cuka,21,0.1,0.1,5.0,0.0
Kecap,71,5.7,1.3,9.0,0.0
Petis udang kering,345,23.8,1.4,59.3,0.0
Petis udang pasta,220,15.0,0.9,38.0,2.3
Saos tomat,110,2.0,0.4,24.5,0.9
Tempoya,110,1.7,1.3,21.9,2.6
Terasi,155,22.3,2.9,9.9,2.7
Terasi dobo,191,33.1,3.6,6.6,1.6
Terasi merah,174,30.0,3.5,5.6,2.2
"Kelapa muda, air, segar",17,0.2,0.1,3.8,0.0
